{"klass":"Group","id":0,"dbSymbol":"group_0","systemTag":"Cave","doubleBattle":false,"hordeBattle":false,"customConditions":[],"encounters":[{"specie":"zubat","form":0,"shinySetup":{"kind":"automatic","rate":-1},"levelSetup":{"kind":"minmax","level":{"minimumLevel":1,"maximumLevel":2}},"randomEncounterChance":100,"expandPokemonSetup":[{"type":"evs","value":{"hp":0,"atk":0,"dfe":0,"spd":0,"ats":0,"dfs":0}},{"type":"loyalty","value":70},{"type":"moves","value":["__undef__","__undef__","__undef__","__undef__"]}]}],"terrainTag":1}