{"klass":"Configs::Project::Credits","projectSplash":"title","bgm":"ending","lineHeight":12,"scrollSpeed":44.0,"leaderSpacing":48,"chiefProjectTitle":"Main Supporter","chiefProjectName":"Pokémon Workshop","leaders":[{"title":"Creator of PSDK","name":"Nuri Yuri"},{"title":"Developper of LiteRGSS2","name":"Scorbutics"},{"title":"Developpers of PSDK","name":"Aerun, Rey, Palbolsky, Leikt"},{"title":"Lead Graphic Designer of PSDK","name":"SirMalo"},{"title":"Occasional Contributors of .25","name":"SoloReprise, buttjuice & Mud"},{"title":"MacOS Supporter","name":"Lynn Isip"}],"gameCredits":"# PSDK related credits\n\n## Pokémon Universe\nGame Freak, CREATURES INC. et The Pokémon Company\n\n## Graphic Engine\n\n### Backend\nSFML\n\n### Contributors\nScorbutics || nthoang-apcs\nSuperFola || Nuri Yuri\n\n## Audio Engine\n\n### FMOD\nFIRELIGHT TECHNOLOGIES PTY LTD\n\n### SFML Audio\nSFML\n\n## Movie Engine\n\n### SfeMovie\nLoïc Siquet || Alexandre Janniaux\nMartin Bohme || Martin Bohme\nXorlium || timidouveg\nStephan Vedder || Laurent Gomila\n\n## API & Wiki used to develop .25\nPokeAPI || PokemonDB\nPoképédia || Bulbapedia\n\n## PSDK Contributors\nNuri Yuri || Aerun\nRey || SirMalo\nLeikt || Palbolsky\n\n## PSDK Wiki\nAerun || Akiyra\nBugfix || buttjuice\nGuizmo || Jaizu\nMetaiko || Mud'\nNuri Yuri || ralandel\nRey || SMB64\nyyyyj || Zenos\n\n## DataBase\nAEliso || Aerun\nAvori || Bentoxx\ndragon935 || Eurons\njoeyw || Mauduss\nNuri Yuri || Palbolsky\nPokeAPI || RebelIce\nTokeur || Redder\nSchneitizel || Walven\n\n## Translation\nAerun || Dax\nEduardo Dorantes || Gehtdich Nichtsan\nHelio || Jaizu\nKaizer || Leikt\nPadawanMoses || Rey\nSirMalo || SoloReprise\nSMB64 || yyyyj\n\n## Ruby Host\nAerun || AEliso\nBentoxx || Buttjuice\nMaxoumi || Nuri Yuri\nSplifingald || yyyyj\n\n## Other Contributors\nAmras || Anti-NT\nAye || Bentoxx\nBigOrN0t || Bouzouw\nCayrac || Diaband.onceron\nFafa || Jarakaa\nKiros97 || Likton\nMrSuperluigis || oldu49\nOtaku || Shamoke\nSolfay || sylvaintr\nUltimaShayra || Unbreakables\n\n# Resource related credits\n\n## Tilesets\n\n### Epic Adventures tileset\nAlistair || Alucus\nBakura155 || Bati'\nBlue Beedrill || BoOmxBiG\nCNickC/CNC || CrimsonTakai\nCuddlesthefatcat || ThePokemonChronicles\nDewitty || EpicDay\nFused || Gigatom\nChimcharsfireworkd || Heavy-Metal-Lover\nHek-el-grande || Kage-No-Sensei\nKyledove || LaPampa\nLotusKing || New-titeuf\nNovus || Pokemon_Diamond\nKizemaru_Kurunosuke || PrinceLegendario\nReck || Red-Gyrados\nREMY35 || Saurav\nSL249 || Spaceemotion\nSirMalo || Stefpoke\nsylver1984 || ThatsSoWitty\nTheEnglishKiwi || Thegreatblaid\nTwentyOne || UltimoSpriter\nWarpras || WesleyFG\nYoh || Nuri Yuri\n19dante91 || 27alexmad27\n07harris/Paranoid ||  \n\n## Overworlds Sprites\n\n### Gen1 to 5 Overworlds\n2and2makes5 || Aerun\nChocosrawlooid || cSc-A7X\nFernandojl || Gallanty\nGetsuei-H || Gizamimi-Pichu\nhelp-14 || kdiamo11\nKid1513 || Kyle-Dove\nKyt666 || Milomilotic11\nMissingLukey || Pokegirl4ever\nSilver-Skies || Syledude\nTyranitarDark || Zyon17\nZenos ||  \n\n### Gen6 Overworlds\nPrincess-Phoenix\nLunarDusk6\n\n## Pokémon Sprites\n\n### Gen6 Pokémon Battlers (including megas)\nAmras || BladeRed\nDiegotoon20 || Domino99designs\nFalgaia || GeoisEvil\nJuan-Amador || N-Kin\nNoscium || SirAquaKip\nZermonious || Zerudez\nSmogon XY Sprite Project ||  \n\n### Gen7 Pokémon Battlers (including Alolan)\nAlex || Amethyst\nBazaro || conyjams\nDatLopunnyTho || Falgaia\nfishbowlsoul90 || Jan\nkaji atsu || Koyo\nLeparagon || Lord-Myre\nLuigiPlayer || N-kin\nNoscium || Pikafan2000\nSmeargletail || Smogon\nprincess-phoenix || The cynical poet\nZumi ||  \n\n### Gen8 Pokémon Battlers\nWolfPP\nconyjams\n\n### Pokémon Offsets\nDon\n\n## Icon Sprites\n\n### Animated Pokémon icons\nPikachumazzinga\n\n### Gen7 Pokémon icons\nOtaku\nPoképedia\n\n### Item icons\nMaxoumi (Brick icon & ADN Berserk)\nyyyyj (Pink Ribon icons)\n\n## Texts\n\n### Official Pokémon X/Y Texts\nKaphotics || Peterko\nSmogon || X-Act\n\n### Official Sun & Moon Texts\nAsia81\n\n## UI Design\n\n### Alpha Ruins puzzle\nFL0RENT_\n\n### Default Message Windowskin\nralandel\n\n### Key Binding UI\nEurons\n\n### UI by SirMalo\nPokédex\nParty Menu\nBag\n\n### UI by Mud'\nLanguage Selection UI\nOptions UI\nLoad & Save UI\n\n### Quests UI\nRenkys\n\n### UI by Aerun\nShop\nBattle\n\n### Trainer Card\nEurons\n\n### Mining Game UI and resources\nAerun || Bentoxx\nredblueyellow || Rey\n\n### XBOX 360 keys\nYumekua\n\n## Animations\n\n### Gen6 Battle Entry\nJayzon\n\n### PSP Animations\nbibiantonio || ghioa\nMetaiko || Isomir\nKLNOTHINCOMIN ||  \n\n### Shiny Animations\nNeslug\n\n## Miscellaneous\n\n### Battle Backs\nMidnitez-REMIX\n\n# Special Thanks\nPSDK would never have happened without Krosk\nthe former creator of Pokémon Script Project\nwhich introduced Nuri Yuri to\nPokémon Fangame Making in 2008.\n \n \n \n \n \n \n \n \n "}