{"klass":"Dex","dbSymbol":"national","id":0,"csv":{"csvFileId":63,"csvTextIndex":0},"startId":1,"creatures":[{"dbSymbol":"bulbasaur","form":0},{"dbSymbol":"ivysaur","form":0},{"dbSymbol":"venusaur","form":0},{"dbSymbol":"charmander","form":0},{"dbSymbol":"charmeleon","form":0},{"dbSymbol":"charizard","form":0},{"dbSymbol":"squirtle","form":0},{"dbSymbol":"wartortle","form":0},{"dbSymbol":"blastoise","form":0},{"dbSymbol":"caterpie","form":0},{"dbSymbol":"metapod","form":0},{"dbSymbol":"butterfree","form":0},{"dbSymbol":"weedle","form":0},{"dbSymbol":"kakuna","form":0},{"dbSymbol":"beedrill","form":0},{"dbSymbol":"pidgey","form":0},{"dbSymbol":"pidgeotto","form":0},{"dbSymbol":"pidgeot","form":0},{"dbSymbol":"rattata","form":0},{"dbSymbol":"raticate","form":0},{"dbSymbol":"spearow","form":0},{"dbSymbol":"fearow","form":0},{"dbSymbol":"ekans","form":0},{"dbSymbol":"arbok","form":0},{"dbSymbol":"pikachu","form":0},{"dbSymbol":"raichu","form":0},{"dbSymbol":"sandshrew","form":0},{"dbSymbol":"sandslash","form":0},{"dbSymbol":"nidoranf","form":0},{"dbSymbol":"nidorina","form":0},{"dbSymbol":"nidoqueen","form":0},{"dbSymbol":"nidoranm","form":0},{"dbSymbol":"nidorino","form":0},{"dbSymbol":"nidoking","form":0},{"dbSymbol":"clefairy","form":0},{"dbSymbol":"clefable","form":0},{"dbSymbol":"vulpix","form":0},{"dbSymbol":"ninetales","form":0},{"dbSymbol":"jigglypuff","form":0},{"dbSymbol":"wigglytuff","form":0},{"dbSymbol":"zubat","form":0},{"dbSymbol":"golbat","form":0},{"dbSymbol":"oddish","form":0},{"dbSymbol":"gloom","form":0},{"dbSymbol":"vileplume","form":0},{"dbSymbol":"paras","form":0},{"dbSymbol":"parasect","form":0},{"dbSymbol":"venonat","form":0},{"dbSymbol":"venomoth","form":0},{"dbSymbol":"diglett","form":0},{"dbSymbol":"dugtrio","form":0},{"dbSymbol":"meowth","form":0},{"dbSymbol":"persian","form":0},{"dbSymbol":"psyduck","form":0},{"dbSymbol":"golduck","form":0},{"dbSymbol":"mankey","form":0},{"dbSymbol":"primeape","form":0},{"dbSymbol":"growlithe","form":0},{"dbSymbol":"arcanine","form":0},{"dbSymbol":"poliwag","form":0},{"dbSymbol":"poliwhirl","form":0},{"dbSymbol":"poliwrath","form":0},{"dbSymbol":"abra","form":0},{"dbSymbol":"kadabra","form":0},{"dbSymbol":"alakazam","form":0},{"dbSymbol":"machop","form":0},{"dbSymbol":"machoke","form":0},{"dbSymbol":"machamp","form":0},{"dbSymbol":"bellsprout","form":0},{"dbSymbol":"weepinbell","form":0},{"dbSymbol":"victreebel","form":0},{"dbSymbol":"tentacool","form":0},{"dbSymbol":"tentacruel","form":0},{"dbSymbol":"geodude","form":0},{"dbSymbol":"graveler","form":0},{"dbSymbol":"golem","form":0},{"dbSymbol":"ponyta","form":0},{"dbSymbol":"rapidash","form":0},{"dbSymbol":"slowpoke","form":0},{"dbSymbol":"slowbro","form":0},{"dbSymbol":"magnemite","form":0},{"dbSymbol":"magneton","form":0},{"dbSymbol":"farfetch_d","form":0},{"dbSymbol":"doduo","form":0},{"dbSymbol":"dodrio","form":0},{"dbSymbol":"seel","form":0},{"dbSymbol":"dewgong","form":0},{"dbSymbol":"grimer","form":0},{"dbSymbol":"muk","form":0},{"dbSymbol":"shellder","form":0},{"dbSymbol":"cloyster","form":0},{"dbSymbol":"gastly","form":0},{"dbSymbol":"haunter","form":0},{"dbSymbol":"gengar","form":0},{"dbSymbol":"onix","form":0},{"dbSymbol":"drowzee","form":0},{"dbSymbol":"hypno","form":0},{"dbSymbol":"krabby","form":0},{"dbSymbol":"kingler","form":0},{"dbSymbol":"voltorb","form":0},{"dbSymbol":"electrode","form":0},{"dbSymbol":"exeggcute","form":0},{"dbSymbol":"exeggutor","form":0},{"dbSymbol":"cubone","form":0},{"dbSymbol":"marowak","form":0},{"dbSymbol":"hitmonlee","form":0},{"dbSymbol":"hitmonchan","form":0},{"dbSymbol":"lickitung","form":0},{"dbSymbol":"koffing","form":0},{"dbSymbol":"weezing","form":0},{"dbSymbol":"rhyhorn","form":0},{"dbSymbol":"rhydon","form":0},{"dbSymbol":"chansey","form":0},{"dbSymbol":"tangela","form":0},{"dbSymbol":"kangaskhan","form":0},{"dbSymbol":"horsea","form":0},{"dbSymbol":"seadra","form":0},{"dbSymbol":"goldeen","form":0},{"dbSymbol":"seaking","form":0},{"dbSymbol":"staryu","form":0},{"dbSymbol":"starmie","form":0},{"dbSymbol":"mr_mime","form":0},{"dbSymbol":"scyther","form":0},{"dbSymbol":"jynx","form":0},{"dbSymbol":"electabuzz","form":0},{"dbSymbol":"magmar","form":0},{"dbSymbol":"pinsir","form":0},{"dbSymbol":"tauros","form":0},{"dbSymbol":"magikarp","form":0},{"dbSymbol":"gyarados","form":0},{"dbSymbol":"lapras","form":0},{"dbSymbol":"ditto","form":0},{"dbSymbol":"eevee","form":0},{"dbSymbol":"vaporeon","form":0},{"dbSymbol":"jolteon","form":0},{"dbSymbol":"flareon","form":0},{"dbSymbol":"porygon","form":0},{"dbSymbol":"omanyte","form":0},{"dbSymbol":"omastar","form":0},{"dbSymbol":"kabuto","form":0},{"dbSymbol":"kabutops","form":0},{"dbSymbol":"aerodactyl","form":0},{"dbSymbol":"snorlax","form":0},{"dbSymbol":"articuno","form":0},{"dbSymbol":"zapdos","form":0},{"dbSymbol":"moltres","form":0},{"dbSymbol":"dratini","form":0},{"dbSymbol":"dragonair","form":0},{"dbSymbol":"dragonite","form":0},{"dbSymbol":"mewtwo","form":0},{"dbSymbol":"mew","form":0},{"dbSymbol":"chikorita","form":0},{"dbSymbol":"bayleef","form":0},{"dbSymbol":"meganium","form":0},{"dbSymbol":"cyndaquil","form":0},{"dbSymbol":"quilava","form":0},{"dbSymbol":"typhlosion","form":0},{"dbSymbol":"totodile","form":0},{"dbSymbol":"croconaw","form":0},{"dbSymbol":"feraligatr","form":0},{"dbSymbol":"sentret","form":0},{"dbSymbol":"furret","form":0},{"dbSymbol":"hoothoot","form":0},{"dbSymbol":"noctowl","form":0},{"dbSymbol":"ledyba","form":0},{"dbSymbol":"ledian","form":0},{"dbSymbol":"spinarak","form":0},{"dbSymbol":"ariados","form":0},{"dbSymbol":"crobat","form":0},{"dbSymbol":"chinchou","form":0},{"dbSymbol":"lanturn","form":0},{"dbSymbol":"pichu","form":0},{"dbSymbol":"cleffa","form":0},{"dbSymbol":"igglybuff","form":0},{"dbSymbol":"togepi","form":0},{"dbSymbol":"togetic","form":0},{"dbSymbol":"natu","form":0},{"dbSymbol":"xatu","form":0},{"dbSymbol":"mareep","form":0},{"dbSymbol":"flaaffy","form":0},{"dbSymbol":"ampharos","form":0},{"dbSymbol":"bellossom","form":0},{"dbSymbol":"marill","form":0},{"dbSymbol":"azumarill","form":0},{"dbSymbol":"sudowoodo","form":0},{"dbSymbol":"politoed","form":0},{"dbSymbol":"hoppip","form":0},{"dbSymbol":"skiploom","form":0},{"dbSymbol":"jumpluff","form":0},{"dbSymbol":"aipom","form":0},{"dbSymbol":"sunkern","form":0},{"dbSymbol":"sunflora","form":0},{"dbSymbol":"yanma","form":0},{"dbSymbol":"wooper","form":0},{"dbSymbol":"quagsire","form":0},{"dbSymbol":"espeon","form":0},{"dbSymbol":"umbreon","form":0},{"dbSymbol":"murkrow","form":0},{"dbSymbol":"slowking","form":0},{"dbSymbol":"misdreavus","form":0},{"dbSymbol":"unown","form":0},{"dbSymbol":"wobbuffet","form":0},{"dbSymbol":"girafarig","form":0},{"dbSymbol":"pineco","form":0},{"dbSymbol":"forretress","form":0},{"dbSymbol":"dunsparce","form":0},{"dbSymbol":"gligar","form":0},{"dbSymbol":"steelix","form":0},{"dbSymbol":"snubbull","form":0},{"dbSymbol":"granbull","form":0},{"dbSymbol":"qwilfish","form":0},{"dbSymbol":"scizor","form":0},{"dbSymbol":"shuckle","form":0},{"dbSymbol":"heracross","form":0},{"dbSymbol":"sneasel","form":0},{"dbSymbol":"teddiursa","form":0},{"dbSymbol":"ursaring","form":0},{"dbSymbol":"slugma","form":0},{"dbSymbol":"magcargo","form":0},{"dbSymbol":"swinub","form":0},{"dbSymbol":"piloswine","form":0},{"dbSymbol":"corsola","form":0},{"dbSymbol":"remoraid","form":0},{"dbSymbol":"octillery","form":0},{"dbSymbol":"delibird","form":0},{"dbSymbol":"mantine","form":0},{"dbSymbol":"skarmory","form":0},{"dbSymbol":"houndour","form":0},{"dbSymbol":"houndoom","form":0},{"dbSymbol":"kingdra","form":0},{"dbSymbol":"phanpy","form":0},{"dbSymbol":"donphan","form":0},{"dbSymbol":"porygon2","form":0},{"dbSymbol":"stantler","form":0},{"dbSymbol":"smeargle","form":0},{"dbSymbol":"tyrogue","form":0},{"dbSymbol":"hitmontop","form":0},{"dbSymbol":"smoochum","form":0},{"dbSymbol":"elekid","form":0},{"dbSymbol":"magby","form":0},{"dbSymbol":"miltank","form":0},{"dbSymbol":"blissey","form":0},{"dbSymbol":"raikou","form":0},{"dbSymbol":"entei","form":0},{"dbSymbol":"suicune","form":0},{"dbSymbol":"larvitar","form":0},{"dbSymbol":"pupitar","form":0},{"dbSymbol":"tyranitar","form":0},{"dbSymbol":"lugia","form":0},{"dbSymbol":"ho_oh","form":0},{"dbSymbol":"celebi","form":0},{"dbSymbol":"treecko","form":0},{"dbSymbol":"grovyle","form":0},{"dbSymbol":"sceptile","form":0},{"dbSymbol":"torchic","form":0},{"dbSymbol":"combusken","form":0},{"dbSymbol":"blaziken","form":0},{"dbSymbol":"mudkip","form":0},{"dbSymbol":"marshtomp","form":0},{"dbSymbol":"swampert","form":0},{"dbSymbol":"poochyena","form":0},{"dbSymbol":"mightyena","form":0},{"dbSymbol":"zigzagoon","form":0},{"dbSymbol":"linoone","form":0},{"dbSymbol":"wurmple","form":0},{"dbSymbol":"silcoon","form":0},{"dbSymbol":"beautifly","form":0},{"dbSymbol":"cascoon","form":0},{"dbSymbol":"dustox","form":0},{"dbSymbol":"lotad","form":0},{"dbSymbol":"lombre","form":0},{"dbSymbol":"ludicolo","form":0},{"dbSymbol":"seedot","form":0},{"dbSymbol":"nuzleaf","form":0},{"dbSymbol":"shiftry","form":0},{"dbSymbol":"taillow","form":0},{"dbSymbol":"swellow","form":0},{"dbSymbol":"wingull","form":0},{"dbSymbol":"pelipper","form":0},{"dbSymbol":"ralts","form":0},{"dbSymbol":"kirlia","form":0},{"dbSymbol":"gardevoir","form":0},{"dbSymbol":"surskit","form":0},{"dbSymbol":"masquerain","form":0},{"dbSymbol":"shroomish","form":0},{"dbSymbol":"breloom","form":0},{"dbSymbol":"slakoth","form":0},{"dbSymbol":"vigoroth","form":0},{"dbSymbol":"slaking","form":0},{"dbSymbol":"nincada","form":0},{"dbSymbol":"ninjask","form":0},{"dbSymbol":"shedinja","form":0},{"dbSymbol":"whismur","form":0},{"dbSymbol":"loudred","form":0},{"dbSymbol":"exploud","form":0},{"dbSymbol":"makuhita","form":0},{"dbSymbol":"hariyama","form":0},{"dbSymbol":"azurill","form":0},{"dbSymbol":"nosepass","form":0},{"dbSymbol":"skitty","form":0},{"dbSymbol":"delcatty","form":0},{"dbSymbol":"sableye","form":0},{"dbSymbol":"mawile","form":0},{"dbSymbol":"aron","form":0},{"dbSymbol":"lairon","form":0},{"dbSymbol":"aggron","form":0},{"dbSymbol":"meditite","form":0},{"dbSymbol":"medicham","form":0},{"dbSymbol":"electrike","form":0},{"dbSymbol":"manectric","form":0},{"dbSymbol":"plusle","form":0},{"dbSymbol":"minun","form":0},{"dbSymbol":"volbeat","form":0},{"dbSymbol":"illumise","form":0},{"dbSymbol":"roselia","form":0},{"dbSymbol":"gulpin","form":0},{"dbSymbol":"swalot","form":0},{"dbSymbol":"carvanha","form":0},{"dbSymbol":"sharpedo","form":0},{"dbSymbol":"wailmer","form":0},{"dbSymbol":"wailord","form":0},{"dbSymbol":"numel","form":0},{"dbSymbol":"camerupt","form":0},{"dbSymbol":"torkoal","form":0},{"dbSymbol":"spoink","form":0},{"dbSymbol":"grumpig","form":0},{"dbSymbol":"spinda","form":0},{"dbSymbol":"trapinch","form":0},{"dbSymbol":"vibrava","form":0},{"dbSymbol":"flygon","form":0},{"dbSymbol":"cacnea","form":0},{"dbSymbol":"cacturne","form":0},{"dbSymbol":"swablu","form":0},{"dbSymbol":"altaria","form":0},{"dbSymbol":"zangoose","form":0},{"dbSymbol":"seviper","form":0},{"dbSymbol":"lunatone","form":0},{"dbSymbol":"solrock","form":0},{"dbSymbol":"barboach","form":0},{"dbSymbol":"whiscash","form":0},{"dbSymbol":"corphish","form":0},{"dbSymbol":"crawdaunt","form":0},{"dbSymbol":"baltoy","form":0},{"dbSymbol":"claydol","form":0},{"dbSymbol":"lileep","form":0},{"dbSymbol":"cradily","form":0},{"dbSymbol":"anorith","form":0},{"dbSymbol":"armaldo","form":0},{"dbSymbol":"feebas","form":0},{"dbSymbol":"milotic","form":0},{"dbSymbol":"castform","form":0},{"dbSymbol":"kecleon","form":0},{"dbSymbol":"shuppet","form":0},{"dbSymbol":"banette","form":0},{"dbSymbol":"duskull","form":0},{"dbSymbol":"dusclops","form":0},{"dbSymbol":"tropius","form":0},{"dbSymbol":"chimecho","form":0},{"dbSymbol":"absol","form":0},{"dbSymbol":"wynaut","form":0},{"dbSymbol":"snorunt","form":0},{"dbSymbol":"glalie","form":0},{"dbSymbol":"spheal","form":0},{"dbSymbol":"sealeo","form":0},{"dbSymbol":"walrein","form":0},{"dbSymbol":"clamperl","form":0},{"dbSymbol":"huntail","form":0},{"dbSymbol":"gorebyss","form":0},{"dbSymbol":"relicanth","form":0},{"dbSymbol":"luvdisc","form":0},{"dbSymbol":"bagon","form":0},{"dbSymbol":"shelgon","form":0},{"dbSymbol":"salamence","form":0},{"dbSymbol":"beldum","form":0},{"dbSymbol":"metang","form":0},{"dbSymbol":"metagross","form":0},{"dbSymbol":"regirock","form":0},{"dbSymbol":"regice","form":0},{"dbSymbol":"registeel","form":0},{"dbSymbol":"latias","form":0},{"dbSymbol":"latios","form":0},{"dbSymbol":"kyogre","form":0},{"dbSymbol":"groudon","form":0},{"dbSymbol":"rayquaza","form":0},{"dbSymbol":"jirachi","form":0},{"dbSymbol":"deoxys","form":0},{"dbSymbol":"turtwig","form":0},{"dbSymbol":"grotle","form":0},{"dbSymbol":"torterra","form":0},{"dbSymbol":"chimchar","form":0},{"dbSymbol":"monferno","form":0},{"dbSymbol":"infernape","form":0},{"dbSymbol":"piplup","form":0},{"dbSymbol":"prinplup","form":0},{"dbSymbol":"empoleon","form":0},{"dbSymbol":"starly","form":0},{"dbSymbol":"staravia","form":0},{"dbSymbol":"staraptor","form":0},{"dbSymbol":"bidoof","form":0},{"dbSymbol":"bibarel","form":0},{"dbSymbol":"kricketot","form":0},{"dbSymbol":"kricketune","form":0},{"dbSymbol":"shinx","form":0},{"dbSymbol":"luxio","form":0},{"dbSymbol":"luxray","form":0},{"dbSymbol":"budew","form":0},{"dbSymbol":"roserade","form":0},{"dbSymbol":"cranidos","form":0},{"dbSymbol":"rampardos","form":0},{"dbSymbol":"shieldon","form":0},{"dbSymbol":"bastiodon","form":0},{"dbSymbol":"burmy","form":0},{"dbSymbol":"wormadam","form":0},{"dbSymbol":"mothim","form":0},{"dbSymbol":"combee","form":0},{"dbSymbol":"vespiquen","form":0},{"dbSymbol":"pachirisu","form":0},{"dbSymbol":"buizel","form":0},{"dbSymbol":"floatzel","form":0},{"dbSymbol":"cherubi","form":0},{"dbSymbol":"cherrim","form":0},{"dbSymbol":"shellos","form":0},{"dbSymbol":"gastrodon","form":0},{"dbSymbol":"ambipom","form":0},{"dbSymbol":"drifloon","form":0},{"dbSymbol":"drifblim","form":0},{"dbSymbol":"buneary","form":0},{"dbSymbol":"lopunny","form":0},{"dbSymbol":"mismagius","form":0},{"dbSymbol":"honchkrow","form":0},{"dbSymbol":"glameow","form":0},{"dbSymbol":"purugly","form":0},{"dbSymbol":"chingling","form":0},{"dbSymbol":"stunky","form":0},{"dbSymbol":"skuntank","form":0},{"dbSymbol":"bronzor","form":0},{"dbSymbol":"bronzong","form":0},{"dbSymbol":"bonsly","form":0},{"dbSymbol":"mime_jr","form":0},{"dbSymbol":"happiny","form":0},{"dbSymbol":"chatot","form":0},{"dbSymbol":"spiritomb","form":0},{"dbSymbol":"gible","form":0},{"dbSymbol":"gabite","form":0},{"dbSymbol":"garchomp","form":0},{"dbSymbol":"munchlax","form":0},{"dbSymbol":"riolu","form":0},{"dbSymbol":"lucario","form":0},{"dbSymbol":"hippopotas","form":0},{"dbSymbol":"hippowdon","form":0},{"dbSymbol":"skorupi","form":0},{"dbSymbol":"drapion","form":0},{"dbSymbol":"croagunk","form":0},{"dbSymbol":"toxicroak","form":0},{"dbSymbol":"carnivine","form":0},{"dbSymbol":"finneon","form":0},{"dbSymbol":"lumineon","form":0},{"dbSymbol":"mantyke","form":0},{"dbSymbol":"snover","form":0},{"dbSymbol":"abomasnow","form":0},{"dbSymbol":"weavile","form":0},{"dbSymbol":"magnezone","form":0},{"dbSymbol":"lickilicky","form":0},{"dbSymbol":"rhyperior","form":0},{"dbSymbol":"tangrowth","form":0},{"dbSymbol":"electivire","form":0},{"dbSymbol":"magmortar","form":0},{"dbSymbol":"togekiss","form":0},{"dbSymbol":"yanmega","form":0},{"dbSymbol":"leafeon","form":0},{"dbSymbol":"glaceon","form":0},{"dbSymbol":"gliscor","form":0},{"dbSymbol":"mamoswine","form":0},{"dbSymbol":"porygon_z","form":0},{"dbSymbol":"gallade","form":0},{"dbSymbol":"probopass","form":0},{"dbSymbol":"dusknoir","form":0},{"dbSymbol":"froslass","form":0},{"dbSymbol":"rotom","form":0},{"dbSymbol":"uxie","form":0},{"dbSymbol":"mesprit","form":0},{"dbSymbol":"azelf","form":0},{"dbSymbol":"dialga","form":0},{"dbSymbol":"palkia","form":0},{"dbSymbol":"heatran","form":0},{"dbSymbol":"regigigas","form":0},{"dbSymbol":"giratina","form":0},{"dbSymbol":"cresselia","form":0},{"dbSymbol":"phione","form":0},{"dbSymbol":"manaphy","form":0},{"dbSymbol":"darkrai","form":0},{"dbSymbol":"shaymin","form":0},{"dbSymbol":"arceus","form":0},{"dbSymbol":"victini","form":0},{"dbSymbol":"snivy","form":0},{"dbSymbol":"servine","form":0},{"dbSymbol":"serperior","form":0},{"dbSymbol":"tepig","form":0},{"dbSymbol":"pignite","form":0},{"dbSymbol":"emboar","form":0},{"dbSymbol":"oshawott","form":0},{"dbSymbol":"dewott","form":0},{"dbSymbol":"samurott","form":0},{"dbSymbol":"patrat","form":0},{"dbSymbol":"watchog","form":0},{"dbSymbol":"lillipup","form":0},{"dbSymbol":"herdier","form":0},{"dbSymbol":"stoutland","form":0},{"dbSymbol":"purrloin","form":0},{"dbSymbol":"liepard","form":0},{"dbSymbol":"pansage","form":0},{"dbSymbol":"simisage","form":0},{"dbSymbol":"pansear","form":0},{"dbSymbol":"simisear","form":0},{"dbSymbol":"panpour","form":0},{"dbSymbol":"simipour","form":0},{"dbSymbol":"munna","form":0},{"dbSymbol":"musharna","form":0},{"dbSymbol":"pidove","form":0},{"dbSymbol":"tranquill","form":0},{"dbSymbol":"unfezant","form":0},{"dbSymbol":"blitzle","form":0},{"dbSymbol":"zebstrika","form":0},{"dbSymbol":"roggenrola","form":0},{"dbSymbol":"boldore","form":0},{"dbSymbol":"gigalith","form":0},{"dbSymbol":"woobat","form":0},{"dbSymbol":"swoobat","form":0},{"dbSymbol":"drilbur","form":0},{"dbSymbol":"excadrill","form":0},{"dbSymbol":"audino","form":0},{"dbSymbol":"timburr","form":0},{"dbSymbol":"gurdurr","form":0},{"dbSymbol":"conkeldurr","form":0},{"dbSymbol":"tympole","form":0},{"dbSymbol":"palpitoad","form":0},{"dbSymbol":"seismitoad","form":0},{"dbSymbol":"throh","form":0},{"dbSymbol":"sawk","form":0},{"dbSymbol":"sewaddle","form":0},{"dbSymbol":"swadloon","form":0},{"dbSymbol":"leavanny","form":0},{"dbSymbol":"venipede","form":0},{"dbSymbol":"whirlipede","form":0},{"dbSymbol":"scolipede","form":0},{"dbSymbol":"cottonee","form":0},{"dbSymbol":"whimsicott","form":0},{"dbSymbol":"petilil","form":0},{"dbSymbol":"lilligant","form":0},{"dbSymbol":"basculin","form":0},{"dbSymbol":"sandile","form":0},{"dbSymbol":"krokorok","form":0},{"dbSymbol":"krookodile","form":0},{"dbSymbol":"darumaka","form":0},{"dbSymbol":"darmanitan","form":0},{"dbSymbol":"maractus","form":0},{"dbSymbol":"dwebble","form":0},{"dbSymbol":"crustle","form":0},{"dbSymbol":"scraggy","form":0},{"dbSymbol":"scrafty","form":0},{"dbSymbol":"sigilyph","form":0},{"dbSymbol":"yamask","form":0},{"dbSymbol":"cofagrigus","form":0},{"dbSymbol":"tirtouga","form":0},{"dbSymbol":"carracosta","form":0},{"dbSymbol":"archen","form":0},{"dbSymbol":"archeops","form":0},{"dbSymbol":"trubbish","form":0},{"dbSymbol":"garbodor","form":0},{"dbSymbol":"zorua","form":0},{"dbSymbol":"zoroark","form":0},{"dbSymbol":"minccino","form":0},{"dbSymbol":"cinccino","form":0},{"dbSymbol":"gothita","form":0},{"dbSymbol":"gothorita","form":0},{"dbSymbol":"gothitelle","form":0},{"dbSymbol":"solosis","form":0},{"dbSymbol":"duosion","form":0},{"dbSymbol":"reuniclus","form":0},{"dbSymbol":"ducklett","form":0},{"dbSymbol":"swanna","form":0},{"dbSymbol":"vanillite","form":0},{"dbSymbol":"vanillish","form":0},{"dbSymbol":"vanilluxe","form":0},{"dbSymbol":"deerling","form":0},{"dbSymbol":"sawsbuck","form":0},{"dbSymbol":"emolga","form":0},{"dbSymbol":"karrablast","form":0},{"dbSymbol":"escavalier","form":0},{"dbSymbol":"foongus","form":0},{"dbSymbol":"amoonguss","form":0},{"dbSymbol":"frillish","form":0},{"dbSymbol":"jellicent","form":0},{"dbSymbol":"alomomola","form":0},{"dbSymbol":"joltik","form":0},{"dbSymbol":"galvantula","form":0},{"dbSymbol":"ferroseed","form":0},{"dbSymbol":"ferrothorn","form":0},{"dbSymbol":"klink","form":0},{"dbSymbol":"klang","form":0},{"dbSymbol":"klinklang","form":0},{"dbSymbol":"tynamo","form":0},{"dbSymbol":"eelektrik","form":0},{"dbSymbol":"eelektross","form":0},{"dbSymbol":"elgyem","form":0},{"dbSymbol":"beheeyem","form":0},{"dbSymbol":"litwick","form":0},{"dbSymbol":"lampent","form":0},{"dbSymbol":"chandelure","form":0},{"dbSymbol":"axew","form":0},{"dbSymbol":"fraxure","form":0},{"dbSymbol":"haxorus","form":0},{"dbSymbol":"cubchoo","form":0},{"dbSymbol":"beartic","form":0},{"dbSymbol":"cryogonal","form":0},{"dbSymbol":"shelmet","form":0},{"dbSymbol":"accelgor","form":0},{"dbSymbol":"stunfisk","form":0},{"dbSymbol":"mienfoo","form":0},{"dbSymbol":"mienshao","form":0},{"dbSymbol":"druddigon","form":0},{"dbSymbol":"golett","form":0},{"dbSymbol":"golurk","form":0},{"dbSymbol":"pawniard","form":0},{"dbSymbol":"bisharp","form":0},{"dbSymbol":"bouffalant","form":0},{"dbSymbol":"rufflet","form":0},{"dbSymbol":"braviary","form":0},{"dbSymbol":"vullaby","form":0},{"dbSymbol":"mandibuzz","form":0},{"dbSymbol":"heatmor","form":0},{"dbSymbol":"durant","form":0},{"dbSymbol":"deino","form":0},{"dbSymbol":"zweilous","form":0},{"dbSymbol":"hydreigon","form":0},{"dbSymbol":"larvesta","form":0},{"dbSymbol":"volcarona","form":0},{"dbSymbol":"cobalion","form":0},{"dbSymbol":"terrakion","form":0},{"dbSymbol":"virizion","form":0},{"dbSymbol":"tornadus","form":0},{"dbSymbol":"thundurus","form":0},{"dbSymbol":"reshiram","form":0},{"dbSymbol":"zekrom","form":0},{"dbSymbol":"landorus","form":0},{"dbSymbol":"kyurem","form":0},{"dbSymbol":"keldeo","form":0},{"dbSymbol":"meloetta","form":0},{"dbSymbol":"genesect","form":0},{"dbSymbol":"chespin","form":0},{"dbSymbol":"quilladin","form":0},{"dbSymbol":"chesnaught","form":0},{"dbSymbol":"fennekin","form":0},{"dbSymbol":"braixen","form":0},{"dbSymbol":"delphox","form":0},{"dbSymbol":"froakie","form":0},{"dbSymbol":"frogadier","form":0},{"dbSymbol":"greninja","form":0},{"dbSymbol":"bunnelby","form":0},{"dbSymbol":"diggersby","form":0},{"dbSymbol":"fletchling","form":0},{"dbSymbol":"fletchinder","form":0},{"dbSymbol":"talonflame","form":0},{"dbSymbol":"scatterbug","form":0},{"dbSymbol":"spewpa","form":0},{"dbSymbol":"vivillon","form":0},{"dbSymbol":"litleo","form":0},{"dbSymbol":"pyroar","form":0},{"dbSymbol":"flabebe","form":0},{"dbSymbol":"floette","form":0},{"dbSymbol":"florges","form":0},{"dbSymbol":"skiddo","form":0},{"dbSymbol":"gogoat","form":0},{"dbSymbol":"pancham","form":0},{"dbSymbol":"pangoro","form":0},{"dbSymbol":"furfrou","form":0},{"dbSymbol":"espurr","form":0},{"dbSymbol":"meowstic","form":0},{"dbSymbol":"honedge","form":0},{"dbSymbol":"doublade","form":0},{"dbSymbol":"aegislash","form":0},{"dbSymbol":"spritzee","form":0},{"dbSymbol":"aromatisse","form":0},{"dbSymbol":"swirlix","form":0},{"dbSymbol":"slurpuff","form":0},{"dbSymbol":"inkay","form":0},{"dbSymbol":"malamar","form":0},{"dbSymbol":"binacle","form":0},{"dbSymbol":"barbaracle","form":0},{"dbSymbol":"skrelp","form":0},{"dbSymbol":"dragalge","form":0},{"dbSymbol":"clauncher","form":0},{"dbSymbol":"clawitzer","form":0},{"dbSymbol":"helioptile","form":0},{"dbSymbol":"heliolisk","form":0},{"dbSymbol":"tyrunt","form":0},{"dbSymbol":"tyrantrum","form":0},{"dbSymbol":"amaura","form":0},{"dbSymbol":"aurorus","form":0},{"dbSymbol":"sylveon","form":0},{"dbSymbol":"hawlucha","form":0},{"dbSymbol":"dedenne","form":0},{"dbSymbol":"carbink","form":0},{"dbSymbol":"goomy","form":0},{"dbSymbol":"sliggoo","form":0},{"dbSymbol":"goodra","form":0},{"dbSymbol":"klefki","form":0},{"dbSymbol":"phantump","form":0},{"dbSymbol":"trevenant","form":0},{"dbSymbol":"pumpkaboo","form":0},{"dbSymbol":"gourgeist","form":0},{"dbSymbol":"bergmite","form":0},{"dbSymbol":"avalugg","form":0},{"dbSymbol":"noibat","form":0},{"dbSymbol":"noivern","form":0},{"dbSymbol":"xerneas","form":0},{"dbSymbol":"yveltal","form":0},{"dbSymbol":"zygarde","form":0},{"dbSymbol":"diancie","form":0},{"dbSymbol":"hoopa","form":0},{"dbSymbol":"volcanion","form":0},{"dbSymbol":"rowlet","form":0},{"dbSymbol":"dartrix","form":0},{"dbSymbol":"decidueye","form":0},{"dbSymbol":"litten","form":0},{"dbSymbol":"torracat","form":0},{"dbSymbol":"incineroar","form":0},{"dbSymbol":"popplio","form":0},{"dbSymbol":"brionne","form":0},{"dbSymbol":"primarina","form":0},{"dbSymbol":"pikipek","form":0},{"dbSymbol":"trumbeak","form":0},{"dbSymbol":"toucannon","form":0},{"dbSymbol":"yungoos","form":0},{"dbSymbol":"gumshoos","form":0},{"dbSymbol":"grubbin","form":0},{"dbSymbol":"charjabug","form":0},{"dbSymbol":"vikavolt","form":0},{"dbSymbol":"crabrawler","form":0},{"dbSymbol":"crabominable","form":0},{"dbSymbol":"oricorio","form":0},{"dbSymbol":"cutiefly","form":0},{"dbSymbol":"ribombee","form":0},{"dbSymbol":"rockruff","form":0},{"dbSymbol":"lycanroc","form":0},{"dbSymbol":"wishiwashi","form":0},{"dbSymbol":"mareanie","form":0},{"dbSymbol":"toxapex","form":0},{"dbSymbol":"mudbray","form":0},{"dbSymbol":"mudsdale","form":0},{"dbSymbol":"dewpider","form":0},{"dbSymbol":"araquanid","form":0},{"dbSymbol":"fomantis","form":0},{"dbSymbol":"lurantis","form":0},{"dbSymbol":"morelull","form":0},{"dbSymbol":"shiinotic","form":0},{"dbSymbol":"salandit","form":0},{"dbSymbol":"salazzle","form":0},{"dbSymbol":"stufful","form":0},{"dbSymbol":"bewear","form":0},{"dbSymbol":"bounsweet","form":0},{"dbSymbol":"steenee","form":0},{"dbSymbol":"tsareena","form":0},{"dbSymbol":"comfey","form":0},{"dbSymbol":"oranguru","form":0},{"dbSymbol":"passimian","form":0},{"dbSymbol":"wimpod","form":0},{"dbSymbol":"golisopod","form":0},{"dbSymbol":"sandygast","form":0},{"dbSymbol":"palossand","form":0},{"dbSymbol":"pyukumuku","form":0},{"dbSymbol":"type_null","form":0},{"dbSymbol":"silvally","form":0},{"dbSymbol":"minior","form":0},{"dbSymbol":"komala","form":0},{"dbSymbol":"turtonator","form":0},{"dbSymbol":"togedemaru","form":0},{"dbSymbol":"mimikyu","form":0},{"dbSymbol":"bruxish","form":0},{"dbSymbol":"drampa","form":0},{"dbSymbol":"dhelmise","form":0},{"dbSymbol":"jangmo_o","form":0},{"dbSymbol":"hakamo_o","form":0},{"dbSymbol":"kommo_o","form":0},{"dbSymbol":"tapu_koko","form":0},{"dbSymbol":"tapu_lele","form":0},{"dbSymbol":"tapu_bulu","form":0},{"dbSymbol":"tapu_fini","form":0},{"dbSymbol":"cosmog","form":0},{"dbSymbol":"cosmoem","form":0},{"dbSymbol":"solgaleo","form":0},{"dbSymbol":"lunala","form":0},{"dbSymbol":"nihilego","form":0},{"dbSymbol":"buzzwole","form":0},{"dbSymbol":"pheromosa","form":0},{"dbSymbol":"xurkitree","form":0},{"dbSymbol":"celesteela","form":0},{"dbSymbol":"kartana","form":0},{"dbSymbol":"guzzlord","form":0},{"dbSymbol":"necrozma","form":0},{"dbSymbol":"magearna","form":0},{"dbSymbol":"marshadow","form":0}]}